,Division,Station_Name,Station_Latitude,Station_Longitude,LINENAME,uni
0,BMT,Ditmars Blvd,40.775036,-73.912034,NQ,Ditmars Blvd NQ BMT
1,BMT,Astoria Blvd-Hoyt Av,40.770258,-73.917843,NQ,Astoria Blvd-Hoyt Av NQ BMT
2,BMT,30 Av-Grand Av,40.766779,-73.921479,NQ,30 Av-Grand Av NQ BMT
3,BMT,Broadway,40.76182,-73.925508,NQ,Broadway NQ BMT
4,BMT,36 Av-Washington Av,40.756804,-73.929575,NQ,36 Av-Washington Av NQ BMT
5,BMT,39 Av-Beebe Av,40.752882,-73.932755,NQ,39 Av-Beebe Av NQ BMT
6,BMT,5th Av,40.764811,-73.973347,NQR,5th Av NQR BMT
7,BMT,57th St,40.764664,-73.980658,NQR,57th St NQR BMT
8,BMT,49th St,40.759901,-73.984139,NQR,49th St NQR BMT
9,BMT,28th St,40.745494,-73.988691,NR,28th St NR BMT
10,BMT,23rd St,40.741303,-73.989344,NR,23rd St NR BMT
11,BMT,Union Square,40.735736,-73.990568,LNQR456,Union Square LNQR456 BMT
12,BMT,8th St,40.730328,-73.992629,NR,8th St NR BMT
13,BMT,Prince St,40.724329,-73.997702,NR,Prince St NR BMT
14,BMT,City Hall,40.713282,-74.006978,R,City Hall R BMT
15,BMT,Cortlandt St,40.710668,-74.011029,R,Cortlandt St R BMT
16,BMT,Rector St,40.70722,-74.013342,R,Rector St R BMT
17,BMT,Whitehall St,40.703087,-74.012994,R1,Whitehall St R1 BMT
18,BMT,Lawrence St,40.69218,-73.985942,ACFR,Lawrence St ACFR BMT
19,BMT,DeKalb Av,40.690635,-73.981824,BQR,DeKalb Av BQR BMT
20,BMT,Atlantic Av-Barclays Ctr,40.683666,-73.97881,BQDNR234.05.0,Atlantic Av-Barclays Ctr BQDNR234.05.0 BMT
21,BMT,Pacific St,40.683666,-73.97881,BQDNR234.05.0,Pacific St BQDNR234.05.0 BMT
22,BMT,Union St,40.677316,-73.98311,R,Union St R BMT
23,BMT,9th St,40.670847,-73.988302,FGR,9th St FGR BMT
24,BMT,Prospect Av,40.665414,-73.992872,R,Prospect Av R BMT
25,BMT,25th St,40.660397,-73.998091,R,25th St R BMT
26,BMT,36th St,40.655144,-74.003549,NR,36th St NR BMT
27,BMT,45th St,40.648939,-74.010006,R,45th St R BMT
28,BMT,53rd St,40.645069,-74.014034,R,53rd St R BMT
29,BMT,59th St,40.641362,-74.017881,NR,59th St NR BMT
30,BMT,Bay Ridge Av,40.634967,-74.023377,R,Bay Ridge Av R BMT
31,BMT,77th St,40.629742,-74.02551,R,77th St R BMT
32,BMT,86th St,40.622687,-74.028398,R,86th St R BMT
33,BMT,95th St,40.616622,-74.030876,R,95th St R BMT
34,BMT,7th Av,40.67705,-73.972367,BQ,7th Av BQ BMT
35,BMT,Prospect Park,40.661614,-73.962246,BQFS,Prospect Park BQFS BMT
36,BMT,Parkside Av,40.655292,-73.961495,BQ,Parkside Av BQ BMT
37,BMT,Church Av,40.650527,-73.962982,BQ,Church Av BQ BMT
38,BMT,Beverly Rd,40.644031,-73.964492,BQ,Beverly Rd BQ BMT
39,BMT,Cortelyou Rd,40.640927,-73.963891,BQ,Cortelyou Rd BQ BMT
40,BMT,Newkirk Av,40.635082,-73.962793,BQ,Newkirk Av BQ BMT
41,BMT,Av H,40.62927,-73.961639,BQ,Av H BQ BMT
42,BMT,Av J,40.625039,-73.960803,BQ,Av J BQ BMT
43,BMT,Av M,40.617618,-73.959399,BQ,Av M BQ BMT
44,BMT,Kings Highway,40.60867,-73.957734,BQ,Kings Highway BQ BMT
45,BMT,Av U,40.5993,-73.955929,BQ,Av U BQ BMT
46,BMT,Neck Rd,40.595246,-73.955161,BQ,Neck Rd BQ BMT
47,BMT,Sheepshead Bay,40.586896,-73.954155,BQ,Sheepshead Bay BQ BMT
48,BMT,Brighton Beach,40.577621,-73.961376,BQ,Brighton Beach BQ BMT
49,BMT,Ocean Parkway,40.576312,-73.968501,Q,Ocean Parkway Q BMT
50,BMT,West 8th St,40.576127,-73.975939,FQ,West 8th St FQ BMT
51,BMT,Stillwell Av,40.577422,-73.981233,DFNQ,Stillwell Av DFNQ BMT
52,BMT,9th Av,40.646292,-73.994324,D,9th Av D BMT
53,BMT,Fort Hamilton Parkway,40.640914,-73.994304,D,Fort Hamilton Parkway D BMT
54,BMT,50th St,40.63626,-73.994791,D,50th St D BMT
55,BMT,55th St,40.631435,-73.995476,D,55th St D BMT
56,BMT,71st St,40.619589,-73.998864,D,71st St D BMT
57,BMT,79th St,40.613501,-74.00061,D,79th St D BMT
58,BMT,18th Av,40.607954,-74.001736,D,18th Av D BMT
59,BMT,20th Av,40.604556,-73.998168,D,20th Av D BMT
60,BMT,Bay Parkway,40.601875,-73.993728,D,Bay Parkway D BMT
61,BMT,25th Av,40.597704,-73.986829,D,25th Av D BMT
62,BMT,Bay 50th St,40.588841,-73.983765,D,Bay 50th St D BMT
63,BMT,8th Av,40.635064,-74.011719,N,8th Av N BMT
64,BMT,Fort Hamilton Parkway,40.631386,-74.005351,N,Fort Hamilton Parkway N BMT
65,BMT,New Utrecht Av,40.624842,-73.996353,DN,New Utrecht Av DN BMT
66,BMT,18th Av,40.620671,-73.990414,N,18th Av N BMT
67,BMT,20th Av,40.61741,-73.985026,N,20th Av N BMT
68,BMT,Bay Parkway-22nd Av,40.611815,-73.981848,N,Bay Parkway-22nd Av N BMT
69,BMT,Kings Highway,40.603923,-73.980353,N,Kings Highway N BMT
70,BMT,Av U,40.597473,-73.979137,N,Av U N BMT
71,BMT,86th St,40.592721,-73.97823,N,86th St N BMT
72,BMT,121st St,40.700492,-73.828294,JZ,121st St JZ BMT
73,BMT,111th St,40.697418,-73.836345,J,111th St J BMT
74,BMT,104th St-102nd St,40.695178,-73.84433,JZ,104th St-102nd St JZ BMT
75,BMT,Woodhaven Blvd,40.693879,-73.851576,JZ,Woodhaven Blvd JZ BMT
76,BMT,Forest Parkway-85th St,40.692435,-73.86001,J,Forest Parkway-85th St J BMT
77,BMT,Elderts Lane-75th St,40.691324,-73.867139,JZ,Elderts Lane-75th St JZ BMT
78,BMT,Cypress Hills,40.689941,-73.87255,J,Cypress Hills J BMT
79,BMT,Crescent St,40.683194,-73.873785,JZ,Crescent St JZ BMT
80,BMT,Norwood Av,40.68141,-73.880039,JZ,Norwood Av JZ BMT
81,BMT,Cleveland St,40.679947,-73.884639,J,Cleveland St J BMT
82,BMT,Van Siclen Av,40.678024,-73.891688,JZ,Van Siclen Av JZ BMT
83,BMT,Alabama Av,40.676992,-73.898654,J,Alabama Av J BMT
84,BMT,Chauncey St,40.682893,-73.910456,JZ,Chauncey St JZ BMT
85,BMT,Halsey St,40.68637,-73.916559,J,Halsey St J BMT
86,BMT,Gates Av,40.68963,-73.92227,JZ,Gates Av JZ BMT
87,BMT,Kosciusko St,40.693342,-73.928814,J,Kosciusko St J BMT
88,BMT,Myrtle Av,40.697207,-73.935657,JMZ,Myrtle Av JMZ BMT
89,BMT,Flushing Av,40.70026,-73.941126,JM,Flushing Av JM BMT
90,BMT,Lorimer St,40.703869,-73.947408,JM,Lorimer St JM BMT
91,BMT,Hewes St,40.70687,-73.953431,JM,Hewes St JM BMT
92,BMT,Marcy Av,40.708359,-73.957757,JMZ,Marcy Av JMZ BMT
93,BMT,Essex St,40.718315,-73.987437,FJMZ,Essex St FJMZ BMT
94,BMT,Bowery,40.72028,-73.993915,JZ,Bowery JZ BMT
95,BMT,Metropolitan Av,40.711396,-73.889601,M,Metropolitan Av M BMT
96,BMT,Fresh Pond Rd,40.706186,-73.895877,M,Fresh Pond Rd M BMT
97,BMT,Forest Av,40.704423,-73.903077,M,Forest Av M BMT
98,BMT,Seneca Av,40.702762,-73.90774,M,Seneca Av M BMT
99,BMT,Knickerbocker Av,40.698664,-73.919711,M,Knickerbocker Av M BMT
100,BMT,Central Av,40.697857,-73.927397,M,Central Av M BMT
101,BMT,8th Av,40.739777,-74.002578,ACEL,8th Av ACEL BMT
102,BMT,3rd Av,40.732849,-73.986122,L,3rd Av L BMT
103,BMT,1st Av,40.730953,-73.981628,L,1st Av L BMT
104,BMT,Bedford Av,40.717304,-73.956872,L,Bedford Av L BMT
105,BMT,Graham Av,40.714565,-73.944053,L,Graham Av L BMT
106,BMT,Grand St,40.711926,-73.94067,L,Grand St L BMT
107,BMT,Montrose Av,40.707739,-73.93985,L,Montrose Av L BMT
108,BMT,Morgan Av,40.706152,-73.933147,L,Morgan Av L BMT
109,BMT,Jefferson St,40.706607,-73.922913,L,Jefferson St L BMT
110,BMT,DeKalb Av,40.703811,-73.918425,L,DeKalb Av L BMT
111,BMT,Halsey St,40.695602,-73.904084,L,Halsey St L BMT
112,BMT,Wilson Av,40.688764,-73.904046,L,Wilson Av L BMT
113,BMT,Bushwick Av,40.682829,-73.905249,L,Bushwick Av L BMT
114,BMT,Atlantic Av,40.675345,-73.903097,L,Atlantic Av L BMT
115,BMT,Sutter Av,40.669367,-73.901975,L,Sutter Av L BMT
116,BMT,Livonia Av,40.664038,-73.900571,L,Livonia Av L BMT
117,BMT,New Lots Av,40.658733,-73.899232,L,New Lots Av L BMT
118,BMT,East 105th St,40.650573,-73.899485,L,East 105th St L BMT
119,BMT,Canarsie - Rockaway Parkway,40.646654,-73.90185,L,Canarsie - Rockaway Parkway L BMT
120,BMT,Canarsie - Rockaway Parkway,40.645757,-73.9025,L,Canarsie - Rockaway Parkway L BMT
121,BMT,Canarsie - Rockaway Parkway,40.645957,-73.901741,L,Canarsie - Rockaway Parkway L BMT
122,BMT,Franklin Av,40.680596,-73.955827,AFS,Franklin Av AFS BMT
123,BMT,Park Place,40.674772,-73.957624,FS,Park Place FS BMT
124,BMT,Botanic Gardens,40.670343,-73.959245,FS2345,Botanic Gardens FS2345 BMT
125,IND,Inwood - 207th St,40.868072,-73.919899,A,Inwood - 207th St A IND
126,IND,Dyckman St-200th St,40.865491,-73.927271,A,Dyckman St-200th St A IND
127,IND,190th St,40.859022,-73.93418,A,190th St A IND
128,IND,181st St,40.851695,-73.937969,A,181st St A IND
129,IND,175th St,40.847391,-73.939704,A,175th St A IND
130,IND,168th St - Washington Heights,40.840719,-73.939561,AC,168th St - Washington Heights AC IND
131,IND,163rd St - Amsterdam Av,40.836013,-73.939892,C,163rd St - Amsterdam Av C IND
132,IND,155th St,40.830518,-73.941514,C,155th St C IND
133,IND,145th St,40.824783,-73.944216,ABCD,145th St ABCD IND
134,IND,135th St,40.817894,-73.947649,BC,135th St BC IND
135,IND,125th St,40.811109,-73.952343,ABCD,125th St ABCD IND
136,IND,116th St,40.805085,-73.954882,BC,116th St BC IND
137,IND,Cathedral Parkway-110th St,40.800605,-73.958158,BC,Cathedral Parkway-110th St BC IND
138,IND,103rd St,40.796092,-73.961454,BC,103rd St BC IND
139,IND,96th St,40.791646,-73.964699,BC,96th St BC IND
140,IND,86th St,40.785868,-73.968916,BC,86th St BC IND
141,IND,81st St - Museum of Natural History,40.781433,-73.972143,BC,81st St - Museum of Natural History BC IND
142,IND,72nd St,40.775594,-73.97641,BC,72nd St BC IND
143,IND,59th St,40.768296,-73.981736,ABCD1,59th St ABCD1 IND
144,IND,50th St,40.762456,-73.985984,CE,50th St CE IND
145,IND,42nd St,40.757308,-73.989735,ACENQRS1.02.03.07.0,42nd St ACENQRS1.02.03.07.0 IND
146,IND,34th St,40.752287,-73.993391,ACE,34th St ACE IND
147,IND,23rd St,40.745906,-73.998041,CE,23rd St CE IND
148,IND,14th St,40.740893,-74.00169,ACEL,14th St ACEL IND
149,IND,West 4th St,40.732338,-74.000495,ABCDEFM,West 4th St ABCDEFM IND
150,IND,Spring St,40.726227,-74.003739,CE,Spring St CE IND
151,IND,Canal St,40.720824,-74.005229,ACE,Canal St ACE IND
152,IND,Chambers St,40.714111,-74.008585,ACE23,Chambers St ACE23 IND
153,IND,World Trade Center,40.712582,-74.009781,ACE23,World Trade Center ACE23 IND
154,IND,Broadway-Nassau,40.710197,-74.007691,ACJZ2345.0,Broadway-Nassau ACJZ2345.0 IND
155,IND,High St,40.699337,-73.990531,ACJZ2345.0,High St ACJZ2345.0 IND
156,IND,Jay St - Borough Hall,40.692338,-73.987342,ACFR,Jay St - Borough Hall ACFR IND
157,IND,Hoyt & Schermerhorn,40.688484,-73.985001,ACG,Hoyt & Schermerhorn ACG IND
158,IND,Lafayette Av,40.686113,-73.973946,C,Lafayette Av C IND
159,IND,Clinton & Washington Avs,40.683263,-73.965838,C,Clinton & Washington Avs C IND
160,IND,Nostrand Av,40.680438,-73.950426,AC,Nostrand Av AC IND
161,IND,Kingston-Throop,40.679921,-73.940858,AC,Kingston-Throop AC IND
162,IND,Utica Av,40.679364,-73.930729,AC,Utica Av AC IND
163,IND,Ralph Av,40.678822,-73.920786,AC,Ralph Av AC IND
164,IND,Rockaway Av,40.67834,-73.911946,AC,Rockaway Av AC IND
165,IND,Broadway Junction-East New York,40.678334,-73.905316,ACJL,Broadway Junction-East New York ACJL IND
166,IND,Liberty Av,40.674542,-73.896548,AC,Liberty Av AC IND
167,IND,Van Siclen Av,40.67271,-73.890358,AC,Van Siclen Av AC IND
168,IND,Shepherd Av,40.67413,-73.88075,AC,Shepherd Av AC IND
169,IND,Euclid Av,40.675377,-73.872106,AC,Euclid Av AC IND
170,IND,Grant Av,40.677044,-73.86505,A,Grant Av A IND
171,IND,80th St-Hudson St,40.679371,-73.858992,A,80th St-Hudson St A IND
172,IND,88th St-Boyd Av,40.679843,-73.85147,A,88th St-Boyd Av A IND
173,IND,Rockaway Blvd,40.680429,-73.843853,A,Rockaway Blvd A IND
174,IND,104th St-Oxford Av,40.681711,-73.837683,A,104th St-Oxford Av A IND
175,IND,111th St-Greenwood Av,40.684331,-73.832163,A,111th St-Greenwood Av A IND
176,IND,Lefferts Blvd,40.685951,-73.825798,A,Lefferts Blvd A IND
177,IND,Aqueduct-North Conduit Av,40.668234,-73.834058,A,Aqueduct-North Conduit Av A IND
178,IND,Howard Beach,40.660476,-73.830301,A,Howard Beach A IND
179,IND,Broad Channel,40.608382,-73.815925,AH,Broad Channel AH IND
180,IND,Beach 90th St,40.588034,-73.813641,H,Beach 90th St H IND
181,IND,Beach 98th St,40.585307,-73.820558,H,Beach 98th St H IND
182,IND,Beach 105th St,40.583209,-73.827559,H,Beach 105th St H IND
183,IND,Rockaway Park-Beach 116th,40.580903,-73.835592,H,Rockaway Park-Beach 116th H IND
184,IND,Beach 67th St,40.590927,-73.796924,A,Beach 67th St A IND
185,IND,Beach 60th St,40.592374,-73.788522,A,Beach 60th St A IND
186,IND,Beach 44th St,40.592943,-73.776013,A,Beach 44th St A IND
187,IND,Beach 36th St,40.595398,-73.768175,A,Beach 36th St A IND
188,IND,Beach 25th St,40.600066,-73.761353,A,Beach 25th St A IND
189,IND,Far Rockaway-Mott Av,40.603995,-73.755405,A,Far Rockaway-Mott Av A IND
190,IND,Norwood-205th St,40.874811,-73.878855,D,Norwood-205th St D IND
191,IND,Bedford Park Blvd,40.873244,-73.887138,BD,Bedford Park Blvd BD IND
192,IND,Kingsbridge Rd,40.866978,-73.893509,BD,Kingsbridge Rd BD IND
193,IND,Fordham Rd,40.861296,-73.897749,BD,Fordham Rd BD IND
194,IND,182nd-183rd Sts,40.856093,-73.900741,BD,182nd-183rd Sts BD IND
195,IND,Tremont Av,40.85041,-73.905227,BD,Tremont Av BD IND
196,IND,174-175th Sts,40.8459,-73.910136,BD,174-175th Sts BD IND
197,IND,170th St,40.839306,-73.9134,BD,170th St BD IND
198,IND,167th St,40.833769,-73.918432,BD,167th St BD IND
199,IND,Yankee Stadium-161st St,40.827905,-73.925651,BD4,Yankee Stadium-161st St BD4 IND
200,IND,155th St,40.830135,-73.938209,BD,155th St BD IND
201,IND,21st St,40.754203,-73.942836,F,21st St F IND
202,IND,Roosevelt Island,40.759145,-73.95326,F,Roosevelt Island F IND
203,IND,Lexington Av,40.764627,-73.96611,F,Lexington Av F IND
204,IND,57th St,40.763972,-73.97745,F,57th St F IND
205,IND,47-50th Sts Rockefeller Center,40.758663,-73.981329,BDFM,47-50th Sts Rockefeller Center BDFM IND
206,IND,47-50th Sts Rockefeller Center,40.758663,-73.981329,BDFM7,47-50th Sts Rockefeller Center BDFM7 IND
207,IND,42nd St,40.754222,-73.984569,BDFM7,42nd St BDFM7 IND
208,IND,34th St,40.749719,-73.987823,BDFMNQR,34th St BDFMNQR IND
209,IND,23rd St,40.742878,-73.992821,FM,23rd St FM IND
210,IND,14th St,40.738228,-73.996209,FLM123,14th St FLM123 IND
211,IND,Broadway-Lafayette St,40.725297,-73.996204,BDFM6,Broadway-Lafayette St BDFM6 IND
212,IND,Grand St,40.718267,-73.993753,BD,Grand St BD IND
213,IND,2nd Av,40.723402,-73.989938,F,2nd Av F IND
214,IND,Delancey St,40.718611,-73.988114,FJMZ,Delancey St FJMZ IND
215,IND,East Broadway,40.713715,-73.990173,F,East Broadway F IND
216,IND,York St,40.699743,-73.986885,F,York St F IND
217,IND,Bergen St,40.686145,-73.990862,FG,Bergen St FG IND
218,IND,Carroll St,40.680303,-73.995048,FG,Carroll St FG IND
219,IND,Smith-9th St,40.67358,-73.995959,FGR,Smith-9th St FGR IND
220,IND,4th Av,40.670272,-73.989779,F,4th Av F IND
221,IND,7th Av,40.666271,-73.980305,F,7th Av F IND
222,IND,Prospect Park-15 St,40.660365,-73.979493,F,Prospect Park-15 St F IND
223,IND,Fort Hamilton Parkway,40.650782,-73.975776,F,Fort Hamilton Parkway F IND
224,IND,Church Av,40.644041,-73.979678,F,Church Av F IND
225,IND,Ditmas Av,40.636119,-73.978172,F,Ditmas Av F IND
226,IND,18th Av,40.629755,-73.976971,F,18th Av F IND
227,IND,Av I,40.625322,-73.976127,F,Av I F IND
228,IND,Bay Parkway-22nd Av,40.620769,-73.975264,F,Bay Parkway-22nd Av F IND
229,IND,Av N,40.61514,-73.974197,F,Av N F IND
230,IND,Av P,40.608944,-73.973022,F,Av P F IND
231,IND,Kings Highway,40.603217,-73.972361,F,Kings Highway F IND
232,IND,Av U,40.596063,-73.973357,F,Av U F IND
233,IND,Av X,40.58962,-73.97425,F,Av X F IND
234,IND,Neptune Av-Van Siclen,40.581011,-73.974574,F,Neptune Av-Van Siclen F IND
235,IND,Jamaica-179th St,40.712646,-73.783817,F,Jamaica-179th St F IND
236,IND,169th St,40.71047,-73.793604,F,169th St F IND
237,IND,Parsons Blvd,40.707564,-73.803326,F,Parsons Blvd F IND
238,IND,Sutphin Blvd,40.70546,-73.810708,F,Sutphin Blvd F IND
239,IND,Briarwood-Van Wyck Blvd,40.709179,-73.820574,F,Briarwood-Van Wyck Blvd F IND
240,IND,Kew Gardens-Union Turnpike,40.714441,-73.831008,EF,Kew Gardens-Union Turnpike EF IND
241,IND,75th Av,40.718331,-73.837324,EF,75th Av EF IND
242,IND,Forest Hills-71st Av,40.721691,-73.844521,EFMR,Forest Hills-71st Av EFMR IND
243,IND,67th Av,40.726523,-73.852719,MR,67th Av MR IND
244,IND,63rd Drive-Rego Park,40.729846,-73.861604,MR,63rd Drive-Rego Park MR IND
245,IND,Woodhaven Blvd,40.733106,-73.869229,MR,Woodhaven Blvd MR IND
246,IND,Grand Av-Newtown,40.737015,-73.877223,MR,Grand Av-Newtown MR IND
247,IND,Elmhurst Av,40.742454,-73.882017,MR,Elmhurst Av MR IND
248,IND,Jackson Heights-Roosevelt Ave,40.746644,-73.891338,EFMR7,Jackson Heights-Roosevelt Ave EFMR7 IND
249,IND,65th St,40.749669,-73.898453,MR,65th St MR IND
250,IND,Northern Blvd,40.752885,-73.906006,MR,Northern Blvd MR IND
251,IND,46th St,40.756312,-73.913333,MR,46th St MR IND
252,IND,Steinway St,40.756879,-73.92074,MR,Steinway St MR IND
253,IND,36th St,40.752039,-73.928781,MR,36th St MR IND
254,IND,Queens Plaza,40.748973,-73.937243,EMR,Queens Plaza EMR IND
255,IND,23rd St-Ely Av,40.747846,-73.946,EGM7,23rd St-Ely Av EGM7 IND
256,IND,Lexington Av-53rd St,40.757552,-73.969055,EM6,Lexington Av-53rd St EM6 IND
257,IND,5th Av-53rd St,40.760167,-73.975224,EM,5th Av-53rd St EM IND
258,IND,7th Av,40.762862,-73.981637,BDE,7th Av BDE IND
259,IND,Parsons Blvd-Archer Av - Jamaica Center,40.702147,-73.801109,EJZ,Parsons Blvd-Archer Av - Jamaica Center EJZ IND
260,IND,Sutphin Blvd-Archer Av - JFK,40.700486,-73.807969,EJZ,Sutphin Blvd-Archer Av - JFK EJZ IND
261,IND,Jamaica-Van Wyck,40.702566,-73.816859,E,Jamaica-Van Wyck E IND
262,IND,Long Island City-Court Square,40.746554,-73.943832,G,Long Island City-Court Square G IND
263,IND,21st St,40.744065,-73.949724,G,21st St G IND
264,IND,Greenpoint Av,40.731352,-73.954449,G,Greenpoint Av G IND
265,IND,Nassau Av,40.724635,-73.951277,G,Nassau Av G IND
266,IND,Metropolitan Av,40.712792,-73.951418,GL,Metropolitan Av GL IND
267,IND,Broadway,40.706092,-73.950308,G,Broadway G IND
268,IND,Flushing Av,40.700377,-73.950234,G,Flushing Av G IND
269,IND,Myrtle-Willoughby Avs,40.694568,-73.949046,G,Myrtle-Willoughby Avs G IND
270,IND,Bedford-Nostrand Avs,40.689627,-73.953522,G,Bedford-Nostrand Avs G IND
271,IND,Classon Av,40.688873,-73.96007,G,Classon Av G IND
272,IND,Clinton-Washington Avs,40.688089,-73.966839,G,Clinton-Washington Avs G IND
273,IND,Fulton St,40.687119,-73.975375,G,Fulton St G IND
274,IRT,Van Cortlandt Park-242nd St,40.889248,-73.898583,1,Van Cortlandt Park-242nd St 1 IRT
275,IRT,238th St,40.884667,-73.90087,1,238th St 1 IRT
276,IRT,231st St,40.878856,-73.904834,1,231st St 1 IRT
277,IRT,Marble Hill-225th St,40.874561,-73.909831,1,Marble Hill-225th St 1 IRT
278,IRT,215th St,40.869444,-73.915279,1,215th St 1 IRT
279,IRT,207th St,40.864614,-73.918819,1,207th St 1 IRT
280,IRT,Dyckman St,40.860531,-73.925536,1,Dyckman St 1 IRT
281,IRT,191st St,40.855225,-73.929412,1,191st St 1 IRT
282,IRT,181st St,40.849505,-73.933596,1,181st St 1 IRT
283,IRT,157th St,40.834041,-73.94489,1,157th St 1 IRT
284,IRT,145th St,40.826551,-73.95036,1,145th St 1 IRT
285,IRT,137th St-City College,40.822008,-73.953676,1,137th St-City College 1 IRT
286,IRT,125th St,40.815581,-73.958372,1,125th St 1 IRT
287,IRT,116th St-Columbia University,40.807722,-73.96411,1,116th St-Columbia University 1 IRT
288,IRT,Cathedral Parkway-110th St,40.803967,-73.966847,1,Cathedral Parkway-110th St 1 IRT
289,IRT,103rd St,40.799446,-73.968379,1,103rd St 1 IRT
290,IRT,86th St,40.788644,-73.976218,1,86th St 1 IRT
291,IRT,79th St,40.783934,-73.979917,1,79th St 1 IRT
292,IRT,72nd St,40.778453,-73.98197,123,72nd St 123 IRT
293,IRT,66th St-Lincoln Center,40.77344,-73.982209,1,66th St-Lincoln Center 1 IRT
294,IRT,50th St,40.761728,-73.983849,1,50th St 1 IRT
295,IRT,Times Square,40.75529,-73.987495,ACENQRS1.02.03.07.0,Times Square ACENQRS1.02.03.07.0 IRT
296,IRT,34th St,40.750373,-73.991057,123,34th St 123 IRT
297,IRT,23rd St,40.744081,-73.995657,1,23rd St 1 IRT
298,IRT,18th St,40.74104,-73.997871,1,18th St 1 IRT
299,IRT,14th St,40.737826,-74.000201,FLM123,14th St FLM123 IRT
300,IRT,Christopher St,40.733422,-74.002906,1,Christopher St 1 IRT
301,IRT,Houston St,40.728251,-74.005367,1,Houston St 1 IRT
302,IRT,Canal St,40.722854,-74.006277,1,Canal St 1 IRT
303,IRT,Franklin St,40.719318,-74.006886,1,Franklin St 1 IRT
304,IRT,Chambers St,40.715478,-74.009266,123,Chambers St 123 IRT
305,IRT,Rector St,40.707513,-74.013783,1,Rector St 1 IRT
306,IRT,Park Place,40.713051,-74.008811,ACE123,Park Place ACE123 IRT
307,IRT,Fulton St,40.709416,-74.006571,ACJZ2345.0,Fulton St ACJZ2345.0 IRT
308,IRT,Wall St,40.706821,-74.0091,23,Wall St 23 IRT
309,IRT,Clark St,40.697466,-73.993086,23,Clark St 23 IRT
310,IRT,Borough Hall,40.693219,-73.989998,R2345,Borough Hall R2345 IRT
311,IRT,Hoyt St,40.690545,-73.985065,23,Hoyt St 23 IRT
312,IRT,Nevins St,40.688246,-73.980492,2345,Nevins St 2345 IRT
313,IRT,Atlantic Av-Barclays Ctr,40.684359,-73.977666,BDNQR234.05.0,Atlantic Av-Barclays Ctr BDNQR234.05.0 IRT
314,IRT,Bergen St,40.680829,-73.975098,23,Bergen St 23 IRT
315,IRT,Grand Army Plaza,40.675235,-73.971046,23,Grand Army Plaza 23 IRT
316,IRT,Eastern Parkway-Brooklyn Museum,40.671987,-73.964375,23,Eastern Parkway-Brooklyn Museum 23 IRT
317,IRT,Franklin Av,40.670682,-73.958131,FS2345,Franklin Av FS2345 IRT
318,IRT,Nostrand Av,40.669847,-73.950466,3,Nostrand Av 3 IRT
319,IRT,Kingston Av,40.669399,-73.942161,3,Kingston Av 3 IRT
320,IRT,Utica Av,40.668897,-73.932942,34,Utica Av 34 IRT
321,IRT,Sutter Av,40.664717,-73.92261,3,Sutter Av 3 IRT
322,IRT,Saratoga Av,40.661453,-73.916327,3,Saratoga Av 3 IRT
323,IRT,Rockaway Av,40.662549,-73.908946,3,Rockaway Av 3 IRT
324,IRT,Junius St,40.663515,-73.902447,3,Junius St 3 IRT
325,IRT,Pennsylvania Av,40.664635,-73.894895,3,Pennsylvania Av 3 IRT
326,IRT,Van Siclen Av,40.665449,-73.889395,3,Van Siclen Av 3 IRT
327,IRT,New Lots Av,40.666235,-73.884079,3,New Lots Av 3 IRT
328,IRT,President St,40.667883,-73.950683,25,President St 25 IRT
329,IRT,Sterling St,40.662742,-73.95085,25,Sterling St 25 IRT
330,IRT,Winthrop St,40.656652,-73.9502,25,Winthrop St 25 IRT
331,IRT,Church Av,40.650843,-73.949575,25,Church Av 25 IRT
332,IRT,Beverly Rd,40.645098,-73.948959,25,Beverly Rd 25 IRT
333,IRT,Newkirk Av,40.639967,-73.948411,25,Newkirk Av 25 IRT
334,IRT,Flatbush Av-Brooklyn College,40.632836,-73.947642,25,Flatbush Av-Brooklyn College 25 IRT
335,IRT,Pelham Bay Park,40.852462,-73.828121,6,Pelham Bay Park 6 IRT
336,IRT,Buhre Av,40.84681,-73.832569,6,Buhre Av 6 IRT
337,IRT,Middletown Rd,40.843863,-73.836322,6,Middletown Rd 6 IRT
338,IRT,Westchester Square-East Tremont Av,40.839892,-73.842952,6,Westchester Square-East Tremont Av 6 IRT
339,IRT,Zerega Av,40.836488,-73.847036,6,Zerega Av 6 IRT
340,IRT,Castle Hill Av,40.834255,-73.851222,6,Castle Hill Av 6 IRT
341,IRT,Parkchester-East 177th St,40.833226,-73.860816,6,Parkchester-East 177th St 6 IRT
342,IRT,St Lawrence Av,40.831509,-73.867618,6,St Lawrence Av 6 IRT
343,IRT,Morrison Av-Soundview Av,40.829521,-73.874516,6,Morrison Av-Soundview Av 6 IRT
344,IRT,Elder Av,40.828584,-73.879159,6,Elder Av 6 IRT
345,IRT,Whitlock Av,40.826525,-73.886283,6,Whitlock Av 6 IRT
346,IRT,Hunts Point Av,40.820948,-73.890549,6,Hunts Point Av 6 IRT
347,IRT,Longwood Av,40.816104,-73.896435,6,Longwood Av 6 IRT
348,IRT,East 149th St,40.812118,-73.904098,6,East 149th St 6 IRT
349,IRT,East 143rd St-St Mary's St,40.808719,-73.907657,6,East 143rd St-St Mary's St 6 IRT
350,IRT,Cypress Av,40.805368,-73.914042,6,Cypress Av 6 IRT
351,IRT,Brook Av,40.807566,-73.91924,6,Brook Av 6 IRT
352,IRT,138th St-3rd Ave,40.810476,-73.926138,6,138th St-3rd Ave 6 IRT
353,IRT,Woodlawn,40.886037,-73.878751,4,Woodlawn 4 IRT
354,IRT,Mosholu Parkway,40.87975,-73.884655,4,Mosholu Parkway 4 IRT
355,IRT,Bedford Park Blvd-Lehman College,40.873412,-73.890064,4,Bedford Park Blvd-Lehman College 4 IRT
356,IRT,Kingsbridge Rd,40.86776,-73.897174,4,Kingsbridge Rd 4 IRT
357,IRT,Fordham Rd,40.862803,-73.901034,4,Fordham Rd 4 IRT
358,IRT,183rd St,40.858407,-73.903879,4,183rd St 4 IRT
359,IRT,Burnside Av,40.853453,-73.907684,4,Burnside Av 4 IRT
360,IRT,176th St,40.84848,-73.911794,4,176th St 4 IRT
361,IRT,Mt Eden Av,40.844434,-73.914685,4,Mt Eden Av 4 IRT
362,IRT,170th St,40.840075,-73.917791,4,170th St 4 IRT
363,IRT,167th St,40.835537,-73.9214,4,167th St 4 IRT
364,IRT,149th St-Grand Concourse,40.818375,-73.927351,245,149th St-Grand Concourse 245 IRT
365,IRT,138th St,40.813224,-73.929849,45,138th St 45 IRT
366,IRT,125th St,40.804138,-73.937594,456,125th St 456 IRT
367,IRT,116th St,40.798629,-73.941617,6,116th St 6 IRT
368,IRT,110th St,40.79502,-73.94425,6,110th St 6 IRT
369,IRT,103rd St,40.7906,-73.947478,6,103rd St 6 IRT
370,IRT,96th St,40.785672,-73.95107,6,96th St 6 IRT
371,IRT,86th St,40.779492,-73.955589,456,86th St 456 IRT
372,IRT,77th St,40.77362,-73.959874,6,77th St 6 IRT
373,IRT,68th St-Hunter College,40.768141,-73.96387,6,68th St-Hunter College 6 IRT
374,IRT,59th St,40.762526,-73.967967,NQR456,59th St NQR456 IRT
375,IRT,51st St,40.757107,-73.97192,EM6,51st St EM6 IRT
376,IRT,33rd St,40.746081,-73.982076,6,33rd St 6 IRT
377,IRT,28th St,40.74307,-73.984264,6,28th St 6 IRT
378,IRT,23rd St,40.739864,-73.986599,6,23rd St 6 IRT
379,IRT,14th St-Union Square,40.734673,-73.989951,LNQR456,14th St-Union Square LNQR456 IRT
380,IRT,Astor Place,40.730054,-73.99107,6,Astor Place 6 IRT
381,IRT,Bleecker St,40.725915,-73.994659,BDFM6,Bleecker St BDFM6 IRT
382,IRT,Spring St,40.722301,-73.997141,6,Spring St 6 IRT
383,IRT,Canal St,40.718803,-74.000193,JNQRZ6,Canal St JNQRZ6 IRT
384,IRT,Brooklyn Bridge-City Hall,40.712868,-74.004806,JZ456,Brooklyn Bridge-City Hall JZ456 IRT
385,IRT,Brooklyn Bridge-City Hall,40.712723,-74.004971,JZ456,Brooklyn Bridge-City Hall JZ456 IRT
386,IRT,Brooklyn Bridge-City Hall,40.712333,-74.004387,JZ456,Brooklyn Bridge-City Hall JZ456 IRT
387,IRT,Brooklyn Bridge-City Hall,40.711857,-74.005114,JZ456,Brooklyn Bridge-City Hall JZ456 IRT
388,IRT,Brooklyn Bridge-City Hall,40.711824,-74.005057,JZ456,Brooklyn Bridge-City Hall JZ456 IRT
389,IRT,Brooklyn Bridge-City Hall,40.713813,-74.003907,JZ456,Brooklyn Bridge-City Hall JZ456 IRT
390,IRT,Brooklyn Bridge-City Hall,40.713889,-74.003654,JZ456,Brooklyn Bridge-City Hall JZ456 IRT
391,IRT,Wall St,40.707557,-74.011862,45,Wall St 45 IRT
392,IRT,Bowling Green,40.704817,-74.014065,45,Bowling Green 45 IRT
393,IRT,Borough Hall,40.692404,-73.990151,R2345,Borough Hall R2345 IRT
394,IRT,Wakefield-241st St,40.903125,-73.85062,25,Wakefield-241st St 25 IRT
395,IRT,238th St-Nereid Av,40.898379,-73.854376,25,238th St-Nereid Av 25 IRT
396,IRT,233rd St,40.893193,-73.857473,25,233rd St 25 IRT
397,IRT,225th St,40.888022,-73.860341,25,225th St 25 IRT
398,IRT,219th St,40.883895,-73.862633,25,219th St 25 IRT
399,IRT,Gun Hill Rd,40.87785,-73.866256,25,Gun Hill Rd 25 IRT
400,IRT,Burke Av,40.871356,-73.867164,25,Burke Av 25 IRT
401,IRT,Allerton Av,40.865462,-73.867352,25,Allerton Av 25 IRT
402,IRT,Pelham Parkway,40.857192,-73.867615,25,Pelham Parkway 25 IRT
403,IRT,Bronx Park East,40.848828,-73.868457,25,Bronx Park East 25 IRT
404,IRT,East 180th St,40.841894,-73.873488,25,East 180th St 25 IRT
405,IRT,East Tremont Av-West Farms Sq,40.840295,-73.880049,25,East Tremont Av-West Farms Sq 25 IRT
406,IRT,174th St,40.837288,-73.887734,25,174th St 25 IRT
407,IRT,Freeman St,40.829993,-73.891865,25,Freeman St 25 IRT
408,IRT,Simpson St,40.824073,-73.893064,25,Simpson St 25 IRT
409,IRT,Intervale Av,40.822181,-73.896736,25,Intervale Av 25 IRT
410,IRT,Prospect Av,40.819585,-73.90177,25,Prospect Av 25 IRT
411,IRT,Jackson Av,40.81649,-73.907807,25,Jackson Av 25 IRT
412,IRT,149th St-3rd Av,40.816109,-73.917757,25,149th St-3rd Av 25 IRT
413,IRT,Harlem-148th St,40.82388,-73.93647,3,Harlem-148th St 3 IRT
414,IRT,145th St,40.820421,-73.936245,3,145th St 3 IRT
415,IRT,135th St,40.814229,-73.94077,23,135th St 23 IRT
416,IRT,125th St,40.807754,-73.945495,23,125th St 23 IRT
417,IRT,116th St,40.802098,-73.949625,23,116th St 23 IRT
418,IRT,110th St-Central Park North,40.799075,-73.951822,23,110th St-Central Park North 23 IRT
419,IRT,Flushing-Main St,40.7596,-73.83003,7,Flushing-Main St 7 IRT
420,IRT,Mets - Willets Point,40.754622,-73.845625,7,Mets - Willets Point 7 IRT
421,IRT,111th St,40.75173,-73.855334,7,111th St 7 IRT
422,IRT,103rd St,40.749865,-73.8627,7,103rd St 7 IRT
423,IRT,Junction Blvd,40.749145,-73.869527,7,Junction Blvd 7 IRT
424,IRT,90th St Elmhurst,40.748408,-73.876613,7,90th St Elmhurst 7 IRT
425,IRT,82nd St-Jackson Heights,40.747659,-73.883697,7,82nd St-Jackson Heights 7 IRT
426,IRT,Fisk Av-69th St,40.746325,-73.896403,7,Fisk Av-69th St 7 IRT
427,IRT,Woodside Av-61st St,40.74563,-73.902984,7,Woodside Av-61st St 7 IRT
428,IRT,Lincoln Av-52nd St,40.744149,-73.912549,7,Lincoln Av-52nd St 7 IRT
429,IRT,Bliss St-46th St,40.743132,-73.918435,7,Bliss St-46th St 7 IRT
430,IRT,Lowery St-40th St,40.743781,-73.924016,7,Lowery St-40th St 7 IRT
431,IRT,Rawson St-33rd St,40.744587,-73.930997,7,Rawson St-33rd St 7 IRT
432,IRT,Queensboro Plaza,40.750582,-73.940202,NQ7,Queensboro Plaza NQ7 IRT
433,IRT,45 Rd-Court House Sq,40.747023,-73.945264,EGM7,45 Rd-Court House Sq EGM7 IRT
434,IRT,Hunters Point,40.742216,-73.948916,7,Hunters Point 7 IRT
435,IRT,Vernon Blvd-Jackson Av,40.742626,-73.953581,7,Vernon Blvd-Jackson Av 7 IRT
436,IRT,5th Av,40.753821,-73.981963,BDFM7,5th Av BDFM7 IRT
437,IRT,South Ferry,40.702068,-74.013664,R1,South Ferry R1 IRT
438,BMT,Lexington Av,40.76266,-73.967258,NQR456,Lexington Av NQR456 BMT
439,BMT,Times Square-42nd St,40.754672,-73.986754,ACENQRS1.02.03.07.0,Times Square-42nd St ACENQRS1.02.03.07.0 BMT
440,BMT,34th St,40.749567,-73.98795,BDFMNQR,34th St BDFMNQR BMT
441,BMT,Canal St (UL),40.719527,-74.001775,JNQRZ6,Canal St (UL) JNQRZ6 BMT
442,BMT,Court St,40.6941,-73.991777,R2345,Court St R2345 BMT
443,BMT,Atlantic Av,40.68446,-73.97689,BQDNR234.05.0,Atlantic Av BQDNR234.05.0 BMT
444,BMT,62nd St,40.626472,-73.996895,DN,62nd St DN BMT
445,BMT,Canal St,40.718092,-73.999892,JNQRZ6,Canal St JNQRZ6 BMT
446,BMT,Chambers St,40.713243,-74.003401,JZ456,Chambers St JZ456 BMT
447,BMT,Chambers St,40.71419,-74.003199,JZ456,Chambers St JZ456 BMT
448,BMT,Fulton St,40.710374,-74.007582,ACJZ2345.0,Fulton St ACJZ2345.0 BMT
449,BMT,Broad St,40.706476,-74.011056,JZ,Broad St JZ BMT
450,BMT,6th Av,40.737335,-73.996786,FLM123,6th Av FLM123 BMT
451,BMT,Union Square,40.734789,-73.99073,LNQR456,Union Square LNQR456 BMT
452,BMT,Lorimer St,40.714063,-73.950275,GL,Lorimer St GL BMT
453,BMT,Myrtle Av,40.699814,-73.911586,LM,Myrtle Av LM BMT
454,IND,Franklin Av,40.68138,-73.956848,ACFS,Franklin Av ACFS IND
455,IND,Forest Hills-71st Av,40.721691,-73.844521,eFMR,Forest Hills-71st Av eFMR IND
456,IRT,168th St,40.840556,-73.940133,AC1,168th St AC1 IRT
457,IRT,96th St,40.793919,-73.972323,123,96th St 123 IRT
458,IRT,59th St-Columbus Circle,40.768247,-73.981929,ABCD1,59th St-Columbus Circle ABCD1 IRT
459,IRT,28th St,40.747215,-73.993365,1,28th St 1 IRT
460,IRT,Yankee Stadium-161st St,40.827994,-73.925831,B D4,Yankee Stadium-161st St B D4 IRT
461,IRT,Grand Central-42nd St,40.751776,-73.976848,GS4567,Grand Central-42nd St GS4567 IRT
462,IRT,Brooklyn Bridge-City Hall,40.713065,-74.004131,JZ456,Brooklyn Bridge-City Hall JZ456 IRT
463,IRT,Fulton St,40.710368,-74.009509,ACJZ2345.0,Fulton St ACJZ2345.0 IRT
464,IRT,Broadway-74th St,40.746848,-73.891394,EFMR7,Broadway-74th St EFMR7 IRT
465,IRT,Grand Central-42nd St,40.751431,-73.976041,GS4567,Grand Central-42nd St GS4567 IRT
466,IRT,Times Square,40.755983,-73.986229,ACENQRGS1.02.03.07.0,Times Square ACENQRGS1.02.03.07.0 IRT
467,IRT,Grand Central,40.752769,-73.979189,GS4567,Grand Central GS4567 IRT
468,IRT,Baychester Av,40.878663,-73.838591,5,Baychester Av 5 IRT
469,IRT,Gun Hill Rd,40.869526,-73.846384,5,Gun Hill Rd 5 IRT
470,IND,Aqueduct Racetrack,40.672131,-73.835812,A,Aqueduct Racetrack A IND
471,IRT,Eastchester-Dyre Av,40.8883,-73.830834,5,Eastchester-Dyre Av 5 IRT
472,IRT,Pelham Parkway,40.858985,-73.855359,5,Pelham Parkway 5 IRT
473,IRT,Morris Park,40.854364,-73.860495,5,Morris Park 5 IRT
